name,company,title,email,phone,whatsapp,telegram_username,industry,company_size,context,source,status
,ГК «Сигма-Профи»,,info@sigma-profi.com,,,,"Охрана и безопасность, физическая защита объектов",,Файл: leadgen_gemini_old.xlsx,sigma-profi.com,
,АН-Секьюрити,,info@an-cyber.ru,,,,Комплексные системы безопасности и охрана объектов,,Файл: leadgen_gemini_old.xlsx,an-security.ru,
,Сигма-АС,,info@sigma-as.ru,,,,"Техническая охрана, мониторинг и системы безопасности",,Файл: leadgen_gemini_old.xlsx,sigma-as.ru,
,ЧОП «Баярд»,,bayard-omsk@mail.ru,,,,Частное охранное предприятие (Омск),,Файл: leadgen_gemini_old.xlsx,bayard-omsk.ru,
,СОБР,,sobr94@mail.ru,,,,Частное охранное агентство (Екатеринбург),,Файл: leadgen_gemini_old.xlsx,sobr-ekb.ru,
,ООО ЧОО «Трансблок»,,transblok1@yandex.ru,,,,Охранные услуги федерального масштаба,,Файл: leadgen_gemini_old.xlsx,transblok.ru,
,ООО «Адмирал»,,info@admiralnn.ru,,,,Частная охранная организация (Нижний Новгород),,Файл: leadgen_gemini_old.xlsx,admiralnn.ru,
,Atelica Hotel Group,,info@atelica.ru,,,,Сеть загородных и курортных отелей,,Файл: leadgen_gemini_old.xlsx,atelica.ru,
,Wone Hotels,,reservations@wone-hotels.com,,,,Управление отелями (экс-Palace Bridge),,Файл: leadgen_gemini_old.xlsx,palacebridge.ru,
,Novikov Group,,info@novikovgroup.ru,,,,Крупнейший российский ресторанный холдинг,,Файл: leadgen_gemini_old.xlsx,novikovgroup.ru,
,Maison Dellos,,hr@maison-dellos.com,,,,Ресторанная сеть (премиум сегмент),,Файл: leadgen_gemini_old.xlsx,maison-dellos.com,
,Ginza Project,,spb@ginzaproject.com,,,,Международный ресторанный холдинг,,Файл: leadgen_gemini_old.xlsx,ginza.ru,
,Amaks Hotels & Resorts,,kazan@amaks-hotels.ru,,,,Гостинично-ресторанная сеть (филиал Казань),,Файл: leadgen_gemini_old.xlsx,amaks-hotels.ru,
,ГК «Медси»,,info@medsigroup.ru,,,,Федеральная сеть медицинских центров,,Файл: leadgen_gemini_old.xlsx,medsi.ru,
,ГК «Медскан»,,office@medscangroup.ru,,,,"Медицинский холдинг (диагностика, онкология)",,Файл: leadgen_gemini_old.xlsx,medscangroup.ru,
,ГК «Мать и дитя»,,info@mcclinics.ru,,,,Сеть госпиталей и женских консультаций,,Файл: leadgen_gemini_old.xlsx,mcclinics.ru,
,СМ-Клиника,,claim@smpost.ru,,,,Сеть многопрофильных медицинских центров,,Файл: leadgen_gemini_old.xlsx,smclinic.ru,
,Клиника «Платан»,,info@platan-nn.ru,,,,Частный медицинский центр (Нижний Новгород),,Файл: leadgen_gemini_old.xlsx,platan-nn.ru,
,ЭВАЖД,,orgotdel@evagd.ru,,,,Эксплуатация высотных жилых домов,,Файл: leadgen_gemini_old.xlsx,evagd.ru,
,ГлавУпДК,,info@updk.ru,,,,Сервисное обслуживание и эксплуатация зданий,,Файл: leadgen_gemini_old.xlsx,updk.ru,
,Смарт-Сервис,,info@smart-centr.com,,,,Управление жилой недвижимостью премиум-класса,,Файл: leadgen_gemini_old.xlsx,smart-centr.com,
,ООО УК «Гарант»,,ukgarant@ukgarant-nsk.ru,,,,Управляющая компания ЖКХ (Новосибирск),,Файл: leadgen_gemini_old.xlsx,ukgarant-nsk.ru,
,ООО «Юнисервис»,,info@uniservis.org,,,,Комплексное обслуживание жилого фонда,,Файл: leadgen_gemini_old.xlsx,юнисервис.рф,
,ООО «УК Жилищный фонд»,,info@uk-gf.ru,,,,Управляющая компания (Казань),,Файл: leadgen_gemini_old.xlsx,uk-gf.ru,
,Альмин Клининг,,info@almin-cleaning.ru,,,,Профессиональная уборка и клининг для бизнеса,,Файл: leadgen_gemini_old.xlsx,almin-cleaning.ru,
,Чистый Терем,,zakaz@cleanterem.ru,,,,Клининговые услуги для коммерческих помещений,,Файл: leadgen_gemini_old.xlsx,cleanterem.ru,
,ООО «Балкис»,,7411601@mail.ru,,,,Профессиональная уборка помещений в Москве,,Файл: leadgen_gemini_old.xlsx,balkis.ru,
,ООО «Авалон»,,avalon-cleaning@mail.ru,,,,Клининговая компания (Самара),,Файл: leadgen_gemini_old.xlsx,avalon-cleaning.ru,
,ООО «Чистодел»,,admin@chistodel.com,,,,Клининговые услуги (Ростов-на-Дону),,Файл: leadgen_gemini_old.xlsx,chistodel.com,
,Курьер Сервис Экспресс,,info@cse.ru,,,,Экспресс-доставка и складская логистика,,Файл: leadgen_gemini_old.xlsx,cse.ru,
,Dostavista,,accounts@dostavista.ru,,,,Краудсорсинговая служба доставки,,Файл: leadgen_gemini_old.xlsx,dostavista.ru,
,СДЭК,,b2b_dogovor@cdek.ru,,,,Логистические решения и экспресс-почта,,Файл: leadgen_gemini_old.xlsx,cdek.ru,
,Пешкарики,,info@peshkariki.ru,,,,Курьерская служба для интернет-магазинов,,Файл: leadgen_gemini_old.xlsx,peshkariki.ru,
,Воронежский логистический союз,,vlc-tk@mail.ru,,,,Региональная логистика и грузоперевозки,,Файл: leadgen_gemini_old.xlsx,vlc-tk.ru,
,ЧОП «Спецохрана»,,specohrana@inbox.ru,,,,Физическая охрана объектов и ГБР (Ростов-на-Дону),,Файл: leadgem_gemini_new.xlsx,,
,ЧОП «Сатурн»,,saturn@infoural.com,,,,"Охранное агентство, постовая и пультовая охрана (Екатеринбург)",,Файл: leadgem_gemini_new.xlsx,,
,ЧОП «Талион»,,info@choptalion.ru,,,,"Центральный офис охраны, сопровождение грузов (Екатеринбург)",,Файл: leadgem_gemini_new.xlsx,,
,ЧОП «Град»,,Grad-e@mail.ru,,,,Лицензированные охранные услуги (Екатеринбург),,Файл: leadgem_gemini_new.xlsx,,
,ЧОП «Баярд» (Омск),,bayard-omsk@mail.ru,,,,Охрана объектов и мобильные группы (Омск),,Файл: leadgem_gemini_new.xlsx,,
,ЧОП «Боярд» (Волгоград),,vlg-boyard2007@yandex.ru,,,,Охрана государственных и частных учреждений,,Файл: leadgem_gemini_new.xlsx,,
,ЧОП «Бумеранг»,,bumerang52@list.ru,,,,Техническая охрана и мониторинг (Нижний Новгород),,Файл: leadgem_gemini_new.xlsx,,
,ЧОП «Витязь»,,aboxrana@yandex.ru,,,,Агентство безопасности и пультовая охрана (Нижний Новгород),,Файл: leadgem_gemini_new.xlsx,,
,ЧОО «Адмирал»,,info@admiralnn.ru,,,,Частная охранная организация (Нижний Новгород),,Файл: leadgem_gemini_new.xlsx,,
,ЧОП «Защита»,,zahita116@mail.ru,,,,"Охранное предприятие, штат до 100 чел. (Казань)",,Файл: leadgem_gemini_new.xlsx,,
,ЧОП «Буцефал»,,bucefal.nnov@yandex.ru,,,,Комплексные услуги безопасности (Нижний Новгород),,Файл: leadgem_gemini_new.xlsx,,
,ЧОП «Патриот»,,info@patriot77.com,,,,Союз охранных организаций (Москва/регионы),,Файл: leadgem_gemini_new.xlsx,,
,ЧОП «Сигма-АС»,,info@sigma-as.ru,,,,Техническая охрана и системы видеонаблюдения,,Файл: leadgem_gemini_new.xlsx,,
,УК «РестПрофи»,,restprofi.reception@gmail.com,,,,Управление локальной сетью ресторанов (Ростов-на-Дону),,Файл: leadgem_gemini_new.xlsx,,
,Bulatov Group,,info@bulatovgroup.ru,,,,Региональная ресторанная группа (Казань),,Файл: leadgem_gemini_new.xlsx,,
,USTA Management,,garceva.ya@ustagroup.ru,,,,Управление отелями и корпоративное питание (Екатеринбург),,Файл: leadgem_gemini_new.xlsx,,
,Отель Green Line,,info@greenline-hotel.ru,,,,Загородный отель и бизнес-центр (Самара),,Файл: leadgem_gemini_new.xlsx,,
,7 Avenue Hotel,,info@7avenuehotels.com,,,,Гостинично-ресторанный комплекс (Самара),,Файл: leadgem_gemini_new.xlsx,,
,Хорека-СПб,,horecaspbzakaz@yandex.ru,,,,Снабжение и логистика для индустрии гостеприимства,,Файл: leadgem_gemini_new.xlsx,,
,ГК «Respect»,,omp2005@mail.ru,,,,Ресторанная группа (Самара),,Файл: leadgem_gemini_new.xlsx,,
,Клиника «Платан»,,info@platan-nn.ru,,,,Многопрофильный медицинский центр (Нижний Новгород),,Файл: leadgem_gemini_new.xlsx,,
,Клиника «Медис»,,info@medisnn.ru,,,,Медицинские осмотры и диагностика (Нижний Новгород),,Файл: leadgem_gemini_new.xlsx,,
,ММЦ «УРО-ПРО»,,rostov@upclinic.ru,,,,Специализированный медицинский центр (Ростов-на-Дону),,Файл: leadgem_gemini_new.xlsx,,
,МЦ «Славия»,,info@slavia-rostov.ru,,,,Частная многопрофильная клиника (Ростов-на-Дону),,Файл: leadgem_gemini_new.xlsx,,
,«Моя Клиника»,,moya.klinika@yandex.ru,,,,Семейный медицинский центр (Ростов-на-Дону),,Файл: leadgem_gemini_new.xlsx,,
,МЦ «Авиценна»,,avicennaros@mail.ru,,,,Профилактические осмотры персонала (Ростов-на-Дону),,Файл: leadgem_gemini_new.xlsx,,
,Клиника «Здоровье 365»,,info@zdorovo365.ru,,,,Сеть медицинских центров (Екатеринбург),,Файл: leadgem_gemini_new.xlsx,,
,«Новая больница»,,prime@newhospital.ru,,,,Многопрофильное медицинское объединение (Екатеринбург),,Файл: leadgem_gemini_new.xlsx,,
,«Здоровая Семья»,,zdorsemya.16@yandex.ru,,,,Частная семейная медицина (Екатеринбург),,Файл: leadgem_gemini_new.xlsx,,
,Клиника «Александровская»,,alexandrclinic.chel@yandex.ru,,,,Семейная медицина и диагностика (Челябинск),,Файл: leadgem_gemini_new.xlsx,,
,Клиника «Кемма»,,kemmamed@mail.ru,,,,Многопрофильный медцентр (Челябинск),,Файл: leadgem_gemini_new.xlsx,,
,«Семейная Клиника №1»,,info@msch1.ru,,,,"Частная медицина, штат до 100 чел. (Самара)",,Файл: leadgem_gemini_new.xlsx,,
,МЦ «Династия»,,06030@mail.miac.samregion.ru,,,,Специализированный медицинский центр (Самара),,Файл: leadgem_gemini_new.xlsx,,
,Клиника «Призвание»,,info@clinica-prizvanie.ru,,,,Многопрофильный центр (Самара),,Файл: leadgem_gemini_new.xlsx,,
,«ЭлМедКлиник»,,2476544@mail.ru,,,,Стоматология и профосмотры (Самара),,Файл: leadgem_gemini_new.xlsx,,
,Global Clinic,,nn@globalclinic.su,,,,Частный медицинский центр (Нижний Новгород),,Файл: leadgem_gemini_new.xlsx,,
,«Профмед»,,profmedvrn@mail.ru,,,,Медицинский центр для работы с организациями (Воронеж),,Файл: leadgem_gemini_new.xlsx,,
,МЦ «Евклипт»,,info@evkaliptmed.ru,,,,Сеть частных клиник (Воронеж),,Файл: leadgem_gemini_new.xlsx,,
,ООО «ПЖК»,,ooopgk2016@mail.ru,,,,Профессиональная жилищная компания (Казань),,Файл: leadgem_gemini_new.xlsx,,
,УК «ПЖКХ»,,ooopgkh@mail.ru,,,,Сервисная компания и региональный оператор (Казань),,Файл: leadgem_gemini_new.xlsx,,
,УК «Краснодар комфорт»,,kkomfort13@mail.ru,,,,Управляющая компания (Краснодар),,Файл: leadgem_gemini_new.xlsx,,
,УК «Краснодар»,,uk.krasnodar@gmail.com,,,,Жилищно-коммунальное управление (Краснодар),,Файл: leadgem_gemini_new.xlsx,,
,УК «Ростов Дон»,,elenakmt@mail.ru,,,,Управляющая компания ЖКХ (Ростов-на-Дону),,Файл: leadgem_gemini_new.xlsx,,
,УК «Гарант»,,ukgarant@ukgarant-nsk.ru,,,,Управляющая компания жилого фонда (Новосибирск),,Файл: leadgem_gemini_new.xlsx,,
,УК «Стандарт»,,standart@zhkh54.ru,,,,Сервисная служба в сфере ЖКХ (Новосибирск),,Файл: leadgem_gemini_new.xlsx,,
,УК «Новый город»,,inform@nskreu2.ru,,,,Управление и эксплуатация зданий (Новосибирск),,Файл: leadgem_gemini_new.xlsx,,
,УК «Жилищный фонд»,,info@uk-gf.ru,,,,Управляющая организация (Казань),,Файл: leadgem_gemini_new.xlsx,,
,УК «Партнер»,,ukpartner.rf@ya.ru,,,,Центр комплексного обслуживания ЖКХ (Воронеж),,Файл: leadgem_gemini_new.xlsx,,
,УК «КИТ-2»,,oookit2_2011@mail.ru,,,,Управляющая компания (Воронеж),,Файл: leadgem_gemini_new.xlsx,,
,«Системы пожарной безопасности»,,spb-samara@mail.ru,,,,Монтаж и сервис систем защиты (Самара),,Файл: leadgem_gemini_new.xlsx,,
,«Техносервис-Е»,,technoservise.e@gmail.com,,,,Обслуживание и ремонт лифтов (Екатеринбург),,Файл: leadgem_gemini_new.xlsx,,
,ООО «Бастион»,,info@bastion66.ru,,,,Обслуживание домофонов и систем связи (Екатеринбург),,Файл: leadgem_gemini_new.xlsx,,
,ООО «Просистемы»,,info@prosystema.ru,,,,Системы безопасности и коммуникаций (Самара),,Файл: leadgem_gemini_new.xlsx,,
,«ПожЭксперт»,,01@pogexpert.ru,,,,Противопожарные системы и аудит (Воронеж),,Файл: leadgem_gemini_new.xlsx,,
,ООО «Клининг-НН»,,info@клининг-нн.рф,,,,Профессиональный клининг (Нижний Новгород),,Файл: leadgem_gemini_new.xlsx,,
,«Простая уборка»,,cleaning@prostaya-uborka.ru,,,,"Клининговая компания, уборка офисов (Нижний Новгород)",,Файл: leadgem_gemini_new.xlsx,,
,ООО «Чистодел»,,admin@chistodel.com,,,,Мобильные бригады клининга (Ростов-на-Дону),,Файл: leadgem_gemini_new.xlsx,,
,CleanHome,,Clean.home1307@gmail.com,,,,Клининговые услуги для бизнеса (Ростов-на-Дону),,Файл: leadgem_gemini_new.xlsx,,
,ООО «Альбатрос»,,albatros_clean@mail.ru,,,,Профессиональная уборка и спецработы (Ростов-на-Дону),,Файл: leadgem_gemini_new.xlsx,,
,Rubin,,Rubincar@mail.ru,,,,"Клининговая компания, штат 23 чел. (Казань)",,Файл: leadgem_gemini_new.xlsx,,
,7Clean,,7clean.kzn@gmail.com,,,,Клининг и мобильная уборка (Казань),,Файл: leadgem_gemini_new.xlsx,,
,NovaClean,,kazan@novaclean.ru,,,,Услуги клининга для юрлиц (Казань),,Файл: leadgem_gemini_new.xlsx,,
,APA-Service,,office@apa-service.ru,,,,Профессиональное обслуживание помещений (Казань),,Файл: leadgem_gemini_new.xlsx,,
,Daily Clean,,dailyclean.nc@yandex.ru,,,,B2B клининг и аутсорсинг персонала (Тюмень),,Файл: leadgem_gemini_new.xlsx,,
,Тюменская клининговая компания,,uborka72@mail.ru,,,,Профессиональная уборка и сервис (Тюмень),,Файл: leadgem_gemini_new.xlsx,,
,Агентство Чистоты,,mail@797875.ru,,,,Клининговые услуги (Красноярск),,Файл: leadgem_gemini_new.xlsx,,
,Клининг-Проект,,klining24@yandex.ru,,,,Профессиональная уборка (Красноярск),,Файл: leadgem_gemini_new.xlsx,,
,Clean Cheap,,bdv@cleancheap.ru,,,,Клининг для офисов и складов (Москва),,Файл: leadgem_gemini_new.xlsx,,
,Problesk,,info@problesk.com,,,,Уборка коммерческих помещений (Санкт-Петербург),,Файл: leadgem_gemini_new.xlsx,,
,Корпорация Клининга,,korporatsiaklininga@yandex.ru,,,,Уборка ЖК и офисных центров (Екатеринбург),,Файл: leadgem_gemini_new.xlsx,,
,«Блиц-Клининг»,,blic-cl@mail.ru,,,,Клининговые услуги (Челябинск),,Файл: leadgem_gemini_new.xlsx,,
,Логистический союз,,vlc-tk@mail.ru,,,,Региональная логистика и экспедирование (Воронеж),,Файл: leadgem_gemini_new.xlsx,,
,«Indigo Express»,,krasnodar@indigo-express.ru,,,,Курьерская служба и логистика (Краснодар),,Файл: leadgem_gemini_new.xlsx,,
,«Экспресс Точка Ру»,,36@123789.ru,,,,Региональная служба доставки (Воронеж),,Файл: leadgem_gemini_new.xlsx,,
,«Сити Рапид» (Самара),,smr@cityexpress.ru,,,,Экспресс-доставка документов и грузов,,Файл: leadgem_gemini_new.xlsx,,
,«Сити Рапид» (Краснодар),,krr@cityexpress.ru,,,,Курьерская доставка для бизнеса,,Файл: leadgem_gemini_new.xlsx,,
,NEGCO,,info@negco.ru,,,,Клининг,,Город: Москва; Файл: leadgen_chatgpt.xlsx; Дата проверки: 2026-05-15; Комментарий: 15,https://www.negco.ru/,email найден на официальном сайте/странице контактов
,PolaMoi,,info@polamoi.ru,,,,Клининг,,Город: Москва; Сайт: https://polamoi.ru/; Файл: leadgen_chatgpt.xlsx; Дата проверки: 2026-05-15; Комментарий: 15,https://polamoi.ru/kontakty/,email найден на официальном сайте/странице контактов
,Cleaning Plus,,info@clening-plus.ru,,,,Клининг,,Город: Москва; Сайт: https://cleaning-plus.ru/; Файл: leadgen_chatgpt.xlsx; Дата проверки: 2026-05-15; Комментарий: 15,https://cleaning-plus.ru/contact/,email найден на официальном сайте/странице контактов
,Группа КРИСТАЛЛ / Бизнес Инжиниринг,,info@group-crystal.ru,,,,Клининг,,Город: Москва; Сайт: https://group-crystal.ru/; Файл: leadgen_chatgpt.xlsx; Дата проверки: 2026-05-15; Комментарий: 15,https://group-crystal.ru/kontakty,email найден на официальном сайте/странице контактов
,ЭКОТЕХНОЛОГИЯ / iClean,,info@iclean.ru,,,,Клининг,,Город: Москва; Сайт: https://iclean.ru/; Файл: leadgen_chatgpt.xlsx; Дата проверки: 2026-05-15; Комментарий: 15,https://iclean.ru/contacts/,email найден на официальном сайте/странице контактов
,Чистая Москва,,info@ch-msk.ru,,,,Клининг,,Город: Москва; Сайт: https://ch-msk.ru/; Файл: leadgen_chatgpt.xlsx; Дата проверки: 2026-05-15; Комментарий: 15,https://ch-msk.ru/kontakty/,email найден на официальном сайте/странице контактов
,ЭкоДом,,info@cleanecodom.ru,,,,Клининг,,Город: Москва; Сайт: https://cleanecodom.ru/; Файл: leadgen_chatgpt.xlsx; Дата проверки: 2026-05-15; Комментарий: 15,https://cleanecodom.ru/contacts/,email найден на официальном сайте/странице контактов
,Клининг Проф,,info@klining-kvartir-msk.ru,,,,Клининг,,Город: Москва; Сайт: https://klining-kvartir-msk.ru/; Файл: leadgen_chatgpt.xlsx; Дата проверки: 2026-05-15; Комментарий: 15,https://klining-kvartir-msk.ru/contact/,email найден на официальном сайте/странице контактов
,Служба бытового сервиса,,info@klining-moskva.ru,,,,Клининг,,Город: Москва; Сайт: https://klining-moskva.ru/; Файл: leadgen_chatgpt.xlsx; Дата проверки: 2026-05-15; Комментарий: 15,https://klining-moskva.ru/kontakty/,email найден на официальном сайте/странице контактов
,Cleanfield,,info@cleanfield.ru,,,,Клининг,,Город: Санкт-Петербург; Сайт: https://cleanfield.ru/; Файл: leadgen_chatgpt.xlsx; Дата проверки: 2026-05-15; Комментарий: 15,https://cleanfield.ru/kontakty/,email найден на официальном сайте/странице контактов
,Чистый Питер,,info@ch-spb.ru,,,,Клининг,,Город: Санкт-Петербург; Сайт: https://ch-spb.ru/; Файл: leadgen_chatgpt.xlsx; Дата проверки: 2026-05-15; Комментарий: 15,https://ch-spb.ru/kontakty/,email найден на официальном сайте/странице контактов
,Проблеск,,info@problesk.com,,,,Клининг,,Город: Санкт-Петербург; Сайт: https://problesk.com/; Файл: leadgen_chatgpt.xlsx; Дата проверки: 2026-05-15; Комментарий: 15,https://problesk.com/contact/,email найден на официальном сайте/странице контактов
,Альянс ИКС,,info@alliance-x.ru,,,,Клининг,,Город: Санкт-Петербург; Файл: leadgen_chatgpt.xlsx; Дата проверки: 2026-05-15; Комментарий: 15,https://alliance-x.ru/,email найден на официальном сайте/странице контактов
,Эксперт Клининг групп,,info@exclean.ru,,,,Клининг,,Город: Санкт-Петербург; Сайт: https://exclean.ru/; Файл: leadgen_chatgpt.xlsx; Дата проверки: 2026-05-15; Комментарий: 15,https://exclean.ru/contacts/,email найден на официальном сайте/странице контактов
,Альва Сфера,,info@alvasfera.ru,,,,Клининг,,Город: Санкт-Петербург; Файл: leadgen_chatgpt.xlsx; Дата проверки: 2026-05-15; Комментарий: 15,https://alvasfera.ru/,email найден на официальном сайте/странице контактов
,Свои Люди,,info@svlyudi.ru,,,,Клининг,,Город: Санкт-Петербург; Файл: leadgen_chatgpt.xlsx; Дата проверки: 2026-05-15; Комментарий: 15,https://www.svlyudi.ru/,email найден на официальном сайте/странице контактов
,AlpAir,,info@alp-clean.ru,,,,Клининг,,Город: Санкт-Петербург; Сайт: https://alp-clean.ru/; Файл: leadgen_chatgpt.xlsx; Дата проверки: 2026-05-15; Комментарий: 15,https://alp-clean.ru/kontakty/,email найден на официальном сайте/странице контактов
,КлинБиг,,info@cleanbig.ru,,,,Клининг,,Город: Санкт-Петербург; Сайт: https://cleanbig.ru/; Файл: leadgen_chatgpt.xlsx; Дата проверки: 2026-05-15; Комментарий: 15,https://cleanbig.ru/contact/,email найден на официальном сайте/странице контактов
,Медицинский центр Плаза,,info@medcentr-plaza.ru,,,,Медицина,,Город: Москва; Сайт: https://medcentr-plaza.ru/; Файл: leadgen_chatgpt.xlsx; Дата проверки: 2026-05-15; Комментарий: 15,https://medcentr-plaza.ru/kontakty/,email найден на официальном сайте/странице контактов
,ГУТА-КЛИНИК,,info@gutaclinic.ru,,,,Медицина,,Город: Москва; Сайт: https://gutaclinic.ru/; Файл: leadgen_chatgpt.xlsx; Дата проверки: 2026-05-15; Комментарий: 15,https://gutaclinic.ru/contact/,email найден на официальном сайте/странице контактов
,Мосмедпроф / ММП,,info@mmp-med.ru,,,,Медицина,,Город: Москва; Сайт: https://mosmedprof.ru/; Файл: leadgen_chatgpt.xlsx; Дата проверки: 2026-05-15; Комментарий: 15,https://mosmedprof.ru/contact/,email найден на официальном сайте/странице контактов
,МЕД-ДОБРО,,info@med-dobro.ru,,,,Медицина,,Город: Москва; Сайт: https://med-dobro.ru/; Файл: leadgen_chatgpt.xlsx; Дата проверки: 2026-05-15; Комментарий: 15,https://med-dobro.ru/kontakty/,email найден на официальном сайте/странице контактов
,МедПрофСервис,,info@med-klinika.moscow,,,,Медицина,,Город: Москва; Сайт: https://med-klinika.moscow/; Файл: leadgen_chatgpt.xlsx; Дата проверки: 2026-05-15; Комментарий: 15,https://med-klinika.moscow/about/,email найден на официальном сайте/странице контактов
,Зилмед,,info@zilmed.ru,,,,Медицина,,Город: Москва; Сайт: https://www.zilmed.ru/; Файл: leadgen_chatgpt.xlsx; Дата проверки: 2026-05-15; Комментарий: 15,https://www.zilmed.ru/contacts/,email найден на официальном сайте/странице контактов
,Медицинский центр Лира,,info@medlira.ru,,,,Медицина,,Город: Москва; Сайт: https://medlira.ru/; Файл: leadgen_chatgpt.xlsx; Дата проверки: 2026-05-15; Комментарий: 15,https://medlira.ru/contacts/,email найден на официальном сайте/странице контактов
,Мед-Алтуфьево,,info@med-altufevo.ru,,,,Медицина,,Город: Москва; Сайт: https://med-altufevo.ru/; Файл: leadgen_chatgpt.xlsx; Дата проверки: 2026-05-15; Комментарий: 15,https://med-altufevo.ru/kontakty/,email найден на официальном сайте/странице контактов
,ЦАМ / Авиамед,,info@aviamed.ru,,,,Медицина,,Город: Москва; Сайт: https://aviamed.ru/; Файл: leadgen_chatgpt.xlsx; Дата проверки: 2026-05-15; Комментарий: 15,https://aviamed.ru/contacts/,email найден на официальном сайте/странице контактов
,Нейро-Плюс,,info@neiro-plus.ru,,,,Медицина,,Город: Москва; Сайт: https://neiro-plus.ru/; Файл: leadgen_chatgpt.xlsx; Дата проверки: 2026-05-15; Комментарий: 15,https://neiro-plus.ru/kontakty/,email найден на официальном сайте/странице контактов
,CMEDICAL,,info@cmedical.ru,,,,Медицина,,Город: Москва; Сайт: https://cmedical.ru/; Файл: leadgen_chatgpt.xlsx; Дата проверки: 2026-05-15; Комментарий: 15,https://cmedical.ru/contacts/,email найден на официальном сайте/странице контактов
,VitaMedPro,,info@vitamed-pro.ru,,,,Медицина,,Город: Санкт-Петербург; Файл: leadgen_chatgpt.xlsx; Дата проверки: 2026-05-15; Комментарий: 15,https://www.vitamedpro.ru/,email найден на официальном сайте/странице контактов
,COMMUNITY CLINIC,,info@communityclinic.ru,,,,Медицина,,Город: Санкт-Петербург; Сайт: https://communityclinic.ru/; Файл: leadgen_chatgpt.xlsx; Дата проверки: 2026-05-15; Комментарий: 15,https://communityclinic.ru/contacts/,email найден на официальном сайте/странице контактов
,СДК Клиника,,info@sdkclinic.ru,,,,Медицина,,Город: Санкт-Петербург; Файл: leadgen_chatgpt.xlsx; Дата проверки: 2026-05-15; Комментарий: 15,https://sdkclinic.ru/,email найден на официальном сайте/странице контактов
,МЕДИОНА ПАРНАС,,info@mediona.ru,,,,Медицина,,Город: Санкт-Петербург; Файл: leadgen_chatgpt.xlsx; Дата проверки: 2026-05-15; Комментарий: 15,https://mediona.ru/,email найден на официальном сайте/странице контактов
,Медицинский центр Велнес,,info@wellness.spb.ru,,,,Медицина,,Город: Санкт-Петербург; Файл: leadgen_chatgpt.xlsx; Дата проверки: 2026-05-15; Комментарий: 15,https://wellness.spb.ru/,email найден на официальном сайте/странице контактов
,Медицинский центр О-Три,,info@medicine-spb.ru,,,,Медицина,,Город: Санкт-Петербург; Сайт: https://www.medicine-spb.ru/; Файл: leadgen_chatgpt.xlsx; Дата проверки: 2026-05-15; Комментарий: 15,https://www.medicine-spb.ru/connect/,email найден на официальном сайте/странице контактов
,Медицинский центр ЭффМед,,info@effmed.ru,,,,Медицина,,Город: Санкт-Петербург; Файл: leadgen_chatgpt.xlsx; Дата проверки: 2026-05-15; Комментарий: 15,https://effmed.ru/,email найден на официальном сайте/странице контактов
,Медицинский центр Балтийский,,info@medb.pro,,,,Медицина,,Город: Санкт-Петербург; Сайт: https://medb.pro/; Файл: leadgen_chatgpt.xlsx; Дата проверки: 2026-05-15; Комментарий: 15,https://medb.pro/kontakty/,email найден на официальном сайте/странице контактов
,X7 Clinical,,info@x7clinical.com,,,,Медицина,,Город: Санкт-Петербург; Файл: leadgen_chatgpt.xlsx; Дата проверки: 2026-05-15; Комментарий: 15,https://x7clinical.com/,email найден на официальном сайте/странице контактов
,Клиника Созвездие,,info@sozvezdie-med.ru,,,,Медицина,,Город: Санкт-Петербург; Сайт: https://sozvezdie-med.ru/; Файл: leadgen_chatgpt.xlsx; Дата проверки: 2026-05-15; Комментарий: 15,https://sozvezdie-med.ru/contact/,email найден на официальном сайте/странице контактов
,МЦ Ортотерапия,,info@mcorthotherapy.ru,,,,Медицина,,Город: Санкт-Петербург; Сайт: https://mcorthotherapy.ru/; Файл: leadgen_chatgpt.xlsx; Дата проверки: 2026-05-15; Комментарий: 15,https://mcorthotherapy.ru/contacts/,email найден на официальном сайте/странице контактов
,ЦМД СПб,,info@cmd-spb.ru,,,,Медицина,,Город: Санкт-Петербург; Сайт: https://cmd-spb.ru/; Файл: leadgen_chatgpt.xlsx; Дата проверки: 2026-05-15; Комментарий: 15,https://cmd-spb.ru/contacts,email найден на официальном сайте/странице контактов
,ЧОП ЛЕГИОН,,info@legion-op.ru,,,,Охрана,,Город: Москва; Сайт: https://legion-op.ru/; Файл: leadgen_chatgpt.xlsx; Дата проверки: 2026-05-15; Комментарий: 15,https://legion-op.ru/kontakty,email найден на официальном сайте/странице контактов
,ЧОО РВ,,info@choprv.ru,,,,Охрана,,Город: Москва; Сайт: https://choprv.ru/; Файл: leadgen_chatgpt.xlsx; Дата проверки: 2026-05-15; Комментарий: 15,https://choprv.ru/contacts/,email найден на официальном сайте/странице контактов
,ЧОП ФОБР,,fobr-info@druginachop.ru,,,,Охрана,,Город: Москва; Сайт: https://druginachop.ru/; Файл: leadgen_chatgpt.xlsx; Дата проверки: 2026-05-15; Комментарий: 15,https://druginachop.ru/o-nas/kontakty,email найден на официальном сайте/странице контактов
,ЧОП Бастион,,info@bst77.ru,,,,Охрана,,Город: Москва; Сайт: https://bst77.ru/; Файл: leadgen_chatgpt.xlsx; Дата проверки: 2026-05-15; Комментарий: 15,https://bst77.ru/contacts/,email найден на официальном сайте/странице контактов
,ЧОО Контроль 24,,info@chop-24.com,,,,Охрана,,Город: Москва; Сайт: https://chop-24.com/; Файл: leadgen_chatgpt.xlsx; Дата проверки: 2026-05-15; Комментарий: 15,https://chop-24.com/contacts/,email найден на официальном сайте/странице контактов
,ООО ЧОП ЩИТ,,info@objector.ru,,,,Охрана,,Город: Москва; Сайт: https://www.objector.ru/; Файл: leadgen_chatgpt.xlsx; Дата проверки: 2026-05-15; Комментарий: 15,https://www.objector.ru/kontakty/,email найден на официальном сайте/странице контактов
,ООО ЧОП Альянс,,info@chop-alliance.ru,,,,Охрана,,Город: Москва; Файл: leadgen_chatgpt.xlsx; Дата проверки: 2026-05-15; Комментарий: 15,https://chop-alliance.ru/,email найден на официальном сайте/странице контактов
,ЧОП Беркут,,info@berkutsecurity.ru,,,,Охрана,,Город: Москва; Сайт: https://berkutsecurity.ru/; Файл: leadgen_chatgpt.xlsx; Дата проверки: 2026-05-15; Комментарий: 15,https://berkutsecurity.ru/kontakty/,email найден на официальном сайте/странице контактов
,ЧОП Альянс / ohrana-russia,,info@ohrana-russia.ru,,,,Охрана,,Город: Москва; Сайт: https://www.ohrana-russia.ru/; Файл: leadgen_chatgpt.xlsx; Дата проверки: 2026-05-15; Комментарий: 15,https://www.ohrana-russia.ru/contacts/,email найден на официальном сайте/странице контактов
,ЧОП ОХРАНА-СЕРВИС,,info@ohrana-servis-moscow.ru,,,,Охрана,,Город: Москва; Сайт: https://ohrana-servis-moscow.ru/; Файл: leadgen_chatgpt.xlsx; Дата проверки: 2026-05-15; Комментарий: 15,https://ohrana-servis-moscow.ru/kontakty,email найден на официальном сайте/странице контактов
,ЧОП Сириус,,info@kbsirius.ru,,,,Охрана,,Город: Санкт-Петербург; Сайт: https://kbsirius.ru/; Файл: leadgen_chatgpt.xlsx; Дата проверки: 2026-05-15; Комментарий: 15,https://kbsirius.ru/contacts/,email найден на официальном сайте/странице контактов
,Атлант секьюрити,,info@atlant-security.ru,,,,Охрана,,Город: Санкт-Петербург; Сайт: https://atlant-security.ru/; Файл: leadgen_chatgpt.xlsx; Дата проверки: 2026-05-15; Комментарий: 15,https://atlant-security.ru/kontakty/,email найден на официальном сайте/странице контактов
,Невский контроль,,info@oonk.ru,,,,Охрана,,Город: Санкт-Петербург; Файл: leadgen_chatgpt.xlsx; Дата проверки: 2026-05-15; Комментарий: 15,https://oonk.ru/,email найден на официальном сайте/странице контактов
,Ресторан ЧанЧан,,info@chanchan.ru,,,,HoReCa,,Город: Москва; Файл: leadgen_chatgpt.xlsx; Дата проверки: 2026-05-15; Комментарий: 15,https://chanchan.ru/,email найден на официальном сайте/странице контактов
,Ресторан Кобзарь,,info@kobzar.ru,,,,HoReCa,,Город: Москва; Файл: leadgen_chatgpt.xlsx; Дата проверки: 2026-05-15; Комментарий: 15,https://restoran-kobzar.ru/,email найден на официальном сайте/странице контактов
,Arium Hotel,,info@arium-hotel.com,,,,HoReCa,,Город: Москва; Файл: leadgen_chatgpt.xlsx; Дата проверки: 2026-05-15; Комментарий: 15,https://www.arium-hotel.com/,email найден на официальном сайте/странице контактов
,Кафе-пекарни Маковка,,info@p-makovka.ru,,,,HoReCa,,Город: Москва; Файл: leadgen_chatgpt.xlsx; Дата проверки: 2026-05-15; Комментарий: 15,https://p-makovka.ru/,email найден на официальном сайте/странице контактов
,Brosko Restaurant,,info@broskorestaurant.ru,,,,HoReCa,,Город: Москва; Файл: leadgen_chatgpt.xlsx; Дата проверки: 2026-05-15; Комментарий: 15,https://broskorestaurant.ru/,email найден на официальном сайте/странице контактов
,Imrus Hotel,,info@imrushotel.ru,,,,HoReCa,,Город: Москва; Файл: leadgen_chatgpt.xlsx; Дата проверки: 2026-05-15; Комментарий: 15,https://imrushotel.ru/,email найден на официальном сайте/странице контактов
,Чайхана Инжир / Family Garden,,info@chaihana-injir.com,,,,HoReCa,,Город: Москва; Сайт: https://familygarden.su/; Файл: leadgen_chatgpt.xlsx; Дата проверки: 2026-05-15; Комментарий: 15,https://familygarden.su/injirdmitrovskaya/,email найден на официальном сайте/странице контактов
,Отель Бауманский,,info@baumansky-hotel.ru,,,,HoReCa,,Город: Москва; Сайт: https://baumansky-hotel.ru/; Файл: leadgen_chatgpt.xlsx; Дата проверки: 2026-05-15; Комментарий: 15,https://baumansky-hotel.ru/about/,email найден на официальном сайте/странице контактов
,Бутик-отель Столешников,,info@stbh.ru,,,,HoReCa,,Город: Москва; Файл: leadgen_chatgpt.xlsx; Дата проверки: 2026-05-15; Комментарий: 15,https://stoleshnikovhotel.ru/,email найден на официальном сайте/странице контактов
,Гостиничный комплекс Севастополь,,info@sevastopol-hotel.ru,,,,HoReCa,,Город: Москва; Сайт: https://sevastopol-hotel.ru/; Файл: leadgen_chatgpt.xlsx; Дата проверки: 2026-05-15; Комментарий: 15,https://sevastopol-hotel.ru/contact/,email найден на официальном сайте/странице контактов
,Chez Michel Hotel,,info@hotelmichel.ru,,,,HoReCa,,Город: Москва; Файл: leadgen_chatgpt.xlsx; Дата проверки: 2026-05-15; Комментарий: 15,https://hotelmichel.ru/,email найден на официальном сайте/странице контактов
,Кафе Греки и Узбеки,,info@cafegreco.ru,,,,HoReCa,,Город: Москва; Файл: leadgen_chatgpt.xlsx; Дата проверки: 2026-05-15; Комментарий: 15,https://www.cafegreco.ru/,email найден на официальном сайте/странице контактов
,УК Городские технологии строительства,,info@bildconsult.ru,,,,ЖКХ / управление недвижимостью,,Город: Москва; Файл: leadgen_chatgpt.xlsx; Дата проверки: 2026-05-15; Комментарий: 15,https://bildconsult.ru/,email найден на официальном сайте/странице контактов
,Институт экономики ЖКХ,,info@ineccommunal.ru,,,,ЖКХ / консалтинг,,Город: Москва; Файл: leadgen_chatgpt.xlsx; Дата проверки: 2026-05-15; Комментарий: 15,https://ineccommunal.ru/,email найден на официальном сайте/странице контактов
,УК ППСК,,info@fpscom.ru,,,,ЖКХ / управляющая компания,,Город: Москва; Сайт: https://fpscom.ru/; Файл: leadgen_chatgpt.xlsx; Дата проверки: 2026-05-15; Комментарий: 15,https://fpscom.ru/contacts/,email найден на официальном сайте/странице контактов
,УК КВАРТАЛ,,info@uk-kvartal.ru,,,,ЖКХ / управляющая компания,,Город: Москва; Файл: leadgen_chatgpt.xlsx; Дата проверки: 2026-05-15; Комментарий: 15,https://www.uk-kvartal.ru/,email найден на официальном сайте/странице контактов
,ЕРЦ ЖКХ,,info@erc-gkh.ru,,,,ЖКХ / расчеты и сервис,,Город: Москва; Сайт: https://erc-gkh.ru/; Файл: leadgen_chatgpt.xlsx; Дата проверки: 2026-05-15; Комментарий: 15,https://erc-gkh.ru/debt,email найден на официальном сайте/странице контактов
,СервИнст,,info@servinst.ru,,,,Сервисные службы,,Город: Москва; Сайт: https://servinst.ru/; Файл: leadgen_chatgpt.xlsx; Дата проверки: 2026-05-15; Комментарий: 15,https://servinst.ru/contacts,email найден на официальном сайте/странице контактов
,Национальная сервисная служба,,info@service-pt.com,,,,Сервисные службы,,Город: Москва; Сайт: https://service-pt.com/; Файл: leadgen_chatgpt.xlsx; Дата проверки: 2026-05-15; Комментарий: 15,https://service-pt.com/kontakty/,email найден на официальном сайте/странице контактов
,ААС Сервис,,info@aasservice.ru,,,,Сервисные службы,,Город: Москва; Сайт: https://aasservice.ru/; Файл: leadgen_chatgpt.xlsx; Дата проверки: 2026-05-15; Комментарий: 15,https://aasservice.ru/kontakty/,email найден на официальном сайте/странице контактов
,Midway,,info@midway.ru,,,,Сервисные службы,,Город: Москва; Сайт: https://www.midway.ru/; Файл: leadgen_chatgpt.xlsx; Дата проверки: 2026-05-15; Комментарий: 15,https://www.midway.ru/contacts,email найден на официальном сайте/странице контактов
,Сфера чистой воды,,info@vipfiltr.ru,,,,Сервисные службы,,Город: Москва; Сайт: https://vipfiltr.ru/; Файл: leadgen_chatgpt.xlsx; Дата проверки: 2026-05-15; Комментарий: 15,https://vipfiltr.ru/contacts/,email найден на официальном сайте/странице контактов
,Водоканал Сервис,,info@vodokanal-msk.ru,,,,Аварийная служба / канализация,,Город: Москва; Файл: leadgen_chatgpt.xlsx; Дата проверки: 2026-05-15; Комментарий: 15,https://vodokanal-msk.ru/,email найден на официальном сайте/странице контактов
,СМП Трэйд,,info@gk-smp.ru,,,,Сервисные службы,,Город: Московская область; Сайт: https://www.gk-smp.ru/; Файл: leadgen_chatgpt.xlsx; Дата проверки: 2026-05-15; Комментарий: 15,https://www.gk-smp.ru/kontakty.html,email найден на официальном сайте/странице контактов
,CES Energy,,info@cesenergy.ru,,,,ЖКХ / энергетика / диспетчерская,,Город: Москва; Сайт: https://cesenergy.ru/; Файл: leadgen_chatgpt.xlsx; Дата проверки: 2026-05-15; Комментарий: 15,https://cesenergy.ru/kontakty/,email найден на официальном сайте/странице контактов
,Leistung,,info@leistung.store,,,,Сервисные службы,,Город: Москва; Сайт: https://leistung.store/; Файл: leadgen_chatgpt.xlsx; Дата проверки: 2026-05-15; Комментарий: 15,https://leistung.store/kontakty,email найден на официальном сайте/странице контактов
,Liftremont,,info@liftremont.ru,,,,Сервисные службы / лифты,,Город: Москва; Сайт: https://liftremont.ru/; Файл: leadgen_chatgpt.xlsx; Дата проверки: 2026-05-15; Комментарий: 15,https://liftremont.ru/contact/,email найден на официальном сайте/странице контактов
,Autoscaners,,info@autoscaners.ru,,,,Сервисные службы,,Город: Москва; Сайт: https://www.autoscaners.ru/; Файл: leadgen_chatgpt.xlsx; Дата проверки: 2026-05-15; Комментарий: 15,https://www.autoscaners.ru/contacts/,email найден на официальном сайте/странице контактов
,Техно Юнион,,info@thnn.ru,,,,Сервисные службы,,Город: Москва; Сайт: https://thnn.ru/; Файл: leadgen_chatgpt.xlsx; Дата проверки: 2026-05-15; Комментарий: 15,https://thnn.ru/contacts,email найден на официальном сайте/странице контактов
,Вибра Рус,,info@vibra.ru,,,,Сервисные службы,,Город: Москва; Сайт: https://www.acomrus.ru/; Файл: leadgen_chatgpt.xlsx; Дата проверки: 2026-05-15; Комментарий: 15,https://www.acomrus.ru/contacts/,email найден на официальном сайте/странице контактов
,Инкомпартс,,info@incomparts.ru,,,,Сервисные службы,,Город: Москва; Сайт: https://incomparts.ru/; Файл: leadgen_chatgpt.xlsx; Дата проверки: 2026-05-15; Комментарий: 15,https://incomparts.ru/contacts/,email найден на официальном сайте/странице контактов
,ГК Конкиста,,info@konkista.ru,,,,Сервисные службы / диспетчерская,,Город: Москва; Сайт: https://konkista.ru/; Файл: leadgen_chatgpt.xlsx; Дата проверки: 2026-05-15; Комментарий: 15,https://konkista.ru/kontakty/,email найден на официальном сайте/странице контактов
,СП Евролифт,,info@eurolift.ru,,,,Сервисные службы / лифты,,Город: Москва; Сайт: https://eurolift.ru/; Файл: leadgen_chatgpt.xlsx; Дата проверки: 2026-05-15; Комментарий: 15,https://eurolift.ru/kontakty,email найден на официальном сайте/странице контактов
,ГК ДОС,,info@gkdos.ru,,,,ЖКХ / диспетчерская,,Город: Москва; Сайт: https://gkdos.ru/; Файл: leadgen_chatgpt.xlsx; Дата проверки: 2026-05-15; Комментарий: 15,https://gkdos.ru/contacts,email найден на официальном сайте/странице контактов
,УК Бабушкинский,,info@ukbab.ru,,,,ЖКХ / управляющая компания,,Город: Москва; Сайт: https://ukbab.ru/; Файл: leadgen_chatgpt.xlsx; Дата проверки: 2026-05-15; Комментарий: 15,https://ukbab.ru/contacts,email найден на официальном сайте/странице контактов
,ООО Энергия,,info@oooenerg.ru,,,,Сервисные службы / инженерные системы,,Город: Москва; Сайт: https://oooenerg.ru/; Файл: leadgen_chatgpt.xlsx; Дата проверки: 2026-05-15; Комментарий: 15,https://oooenerg.ru/kontakty/,email найден на официальном сайте/странице контактов
,УК Свитхом,,info@mcsh.ru,,,,ЖКХ / управляющая компания,,Город: Москва; Сайт: https://mcsh.ru/; Файл: leadgen_chatgpt.xlsx; Дата проверки: 2026-05-15; Комментарий: 15,https://mcsh.ru/contacts,email найден на официальном сайте/странице контактов
,УК НЕО ГЕО,,info@uk-neogeo.ru,,,,ЖКХ / управляющая компания,,Город: Москва; Сайт: https://uk-neogeo.ru/; Файл: leadgen_chatgpt.xlsx; Дата проверки: 2026-05-15; Комментарий: 15,https://uk-neogeo.ru/contacts.html,email найден на официальном сайте/странице контактов
,УК ЖилЦентр,,info@jilcentr.ru,,,,ЖКХ / управляющая компания,,Город: Москва; Сайт: https://jilcentr.ru/; Файл: leadgen_chatgpt.xlsx; Дата проверки: 2026-05-15; Комментарий: 15,https://jilcentr.ru/contacts,email найден на официальном сайте/странице контактов
,УК ДЭЗИС,,info@dezis.ru,,,,ЖКХ / управляющая компания,,Город: Москва; Сайт: https://dezis.ru/; Файл: leadgen_chatgpt.xlsx; Дата проверки: 2026-05-15; Комментарий: 15,https://dezis.ru/contacts/,email найден на официальном сайте/странице контактов
,Климсервис,,info@klimservice.ru,,,,Аварийная служба / инженерные системы,,Город: Москва; Сайт: https://klimservice.ru/; Файл: leadgen_chatgpt.xlsx; Дата проверки: 2026-05-15; Комментарий: 15,https://klimservice.ru/informatsiya/kontakty,email найден на официальном сайте/странице контактов
,ТРИС,,info@trisuslugi.ru,,,,Аварийная служба / канализация,,Город: Москва; Файл: leadgen_chatgpt.xlsx; Дата проверки: 2026-05-15; Комментарий: 15,https://trisuslugi.ru/,email найден на официальном сайте/странице контактов
,Асфальт Москва,,info@asphaltmoscow.ru,,,,Аварийная служба / дорожный сервис,,Город: Москва и область; Сайт: https://asphaltmoscow.ru/; Файл: leadgen_chatgpt.xlsx; Дата проверки: 2026-05-15; Комментарий: 15,https://asphaltmoscow.ru/glavnoe/kontakty/,email найден на официальном сайте/странице контактов
,УК Коммунальные сети,,info@ukks.spb.ru,,,,ЖКХ / управляющая компания,,Город: Санкт-Петербург; Файл: leadgen_chatgpt.xlsx; Дата проверки: 2026-05-15; Комментарий: 15,https://ukks.spb.ru/,email найден на официальном сайте/странице контактов
,УК Прокси,,info@proksi.spb.ru,,,,ЖКХ / управляющая компания,,Город: Санкт-Петербург; Файл: leadgen_chatgpt.xlsx; Дата проверки: 2026-05-15; Комментарий: 15,https://proksi.spb.ru/,email найден на официальном сайте/странице контактов
,УК Эквида-Сервис,,info@ecvida-service.ru,,,,ЖКХ / управляющая компания,,Город: Санкт-Петербург; Файл: leadgen_chatgpt.xlsx; Дата проверки: 2026-05-15; Комментарий: 15,https://ecvida-service.ru/,email найден на официальном сайте/странице контактов
,УК КСМ,,info@ksm.spb.ru,,,,ЖКХ / управляющая компания,,Город: Санкт-Петербург; Файл: leadgen_chatgpt.xlsx; Дата проверки: 2026-05-15; Комментарий: 15,https://ksm.spb.ru/,email найден на официальном сайте/странице контактов
,УК Соотечественник,,info@soot-k.ru,,,,ЖКХ / управляющая компания,,Город: Санкт-Петербург; Файл: leadgen_chatgpt.xlsx; Дата проверки: 2026-05-15; Комментарий: 15,https://soot-k.ru/,email найден на официальном сайте/странице контактов
,Управление комфортом,,info@uprkom.ru,,,,ЖКХ / управляющая компания,,Город: Санкт-Петербург; Файл: leadgen_chatgpt.xlsx; Дата проверки: 2026-05-15; Комментарий: 15,https://uprkom.com/,email найден на официальном сайте/странице контактов
,ЖКС Адмиралтейского района,,info@gks-ar.ru,,,,ЖКХ / управляющая компания,,Город: Санкт-Петербург; Файл: leadgen_chatgpt.xlsx; Дата проверки: 2026-05-15; Комментарий: 15,https://www.gks-ar.ru/,email найден на официальном сайте/странице контактов
,УК Петровский Остров,,info@uk-petrovsky.ru,,,,ЖКХ / управляющая компания,,Город: Санкт-Петербург; Файл: leadgen_chatgpt.xlsx; Дата проверки: 2026-05-15; Комментарий: 15,https://www.uk-petrovsky.ru/,email найден на официальном сайте/странице контактов
,City Express,,mow@cityexpress.ru,,,,Доставка / логистика,,Город: Москва; Сайт: https://www.cityexpress.ru/; Файл: leadgen_chatgpt.xlsx; Дата проверки: 2026-05-15; Комментарий: 15,https://www.cityexpress.ru/contact,email найден на официальном сайте/странице контактов
,ФУДТАЙМ.МОСКВА,,info@foodtime.moscow,,,,Доставка еды,,Город: Москва; Сайт: https://foodtime.moscow/; Файл: leadgen_chatgpt.xlsx; Дата проверки: 2026-05-15; Комментарий: 15,https://foodtime.moscow/contacts/,email найден на официальном сайте/странице контактов
,RTA GROUP,,info@rta.group,,,,Доставка / логистика,,Город: Москва; Сайт: https://rta.group/; Файл: leadgen_chatgpt.xlsx; Дата проверки: 2026-05-15; Комментарий: 15,https://rta.group/contacts/,email найден на официальном сайте/странице контактов
,Курьер Сервис Экспресс / КСЭ,,info@cse.ru,,,,Доставка / курьерская служба,,Город: Москва; Сайт: https://www.cse.ru/; Файл: leadgen_chatgpt.xlsx; Дата проверки: 2026-05-15; Комментарий: 15,https://www.cse.ru/tse/contacts/,email найден на официальном сайте/странице контактов
,СТС Логистикс,,info@stslog.com,,,,Доставка / логистика,,Город: Москва; Сайт: https://stslog.com/; Файл: leadgen_chatgpt.xlsx; Дата проверки: 2026-05-15; Комментарий: 15,https://stslog.com/contacts,email найден на официальном сайте/странице контактов
,D-TRANS LLC,,info@dtransllc.com,,,,Доставка / логистика,,Город: Москва; Файл: leadgen_chatgpt.xlsx; Дата проверки: 2026-05-15; Комментарий: 15,https://www.dtransllc.com/,email найден на официальном сайте/странице контактов
,Delivery Strazek,,info@strazek.com,,,,Доставка еды,,Город: Москва; Сайт: https://delivery.strazek.com/; Файл: leadgen_chatgpt.xlsx; Дата проверки: 2026-05-15; Комментарий: 15,https://delivery.strazek.com/kontacty,email найден на официальном сайте/странице контактов
,Курьерская служба Метеор,,info@ksmeteor.com,,,,Доставка / курьерская служба,,Город: Москва; Сайт: https://ksmeteor.ru/; Файл: leadgen_chatgpt.xlsx; Дата проверки: 2026-05-15; Комментарий: 15,https://ksmeteor.ru/contacts,email найден на официальном сайте/странице контактов
,Expeditor Co,,info@unilogist.com,,,,Доставка / логистика,,Город: Москва / Санкт-Петербург; Сайт: https://unilogist.com/; Файл: leadgen_chatgpt.xlsx; Дата проверки: 2026-05-15; Комментарий: 15,https://unilogist.com/contacts/,email найден на официальном сайте/странице контактов
,Asia Trans Cargo,,info@asiacargo.ru,,,,Доставка / логистика,,Город: Москва; Сайт: https://asiacargo.ru/; Файл: leadgen_chatgpt.xlsx; Дата проверки: 2026-05-15; Комментарий: 15,https://asiacargo.ru/contacts/,email найден на официальном сайте/странице контактов
,Tradest,,info@tradest.ru,,,,Доставка / логистика,,Город: Москва; Файл: leadgen_chatgpt.xlsx; Дата проверки: 2026-05-15; Комментарий: 15,https://tradest.ru/,email найден на официальном сайте/странице контактов
,РТЭК,,info@rtek-logistic.ru,,,,Доставка / логистика,,Город: Москва; Сайт: https://rtek-logistic.com/; Файл: leadgen_chatgpt.xlsx; Дата проверки: 2026-05-15; Комментарий: 15,https://rtek-logistic.com/contact,email найден на официальном сайте/странице контактов
,ACS,,info@acs-lc.com,,,,Доставка / логистика,,Город: Москва; Сайт: https://www.acs-lc.com/; Файл: leadgen_chatgpt.xlsx; Дата проверки: 2026-05-15; Комментарий: 15,https://www.acs-lc.com/ru/kontakty/,email найден на официальном сайте/странице контактов
,SOLO Food,,info@solofood.ru,,,,Доставка еды,,Город: Москва; Сайт: https://solofood.ru/; Файл: leadgen_chatgpt.xlsx; Дата проверки: 2026-05-15; Комментарий: 15,https://solofood.ru/company/contact/,email найден на официальном сайте/странице контактов
,КГТ доставка,,info@kgt-dostavka.ru,,,,Доставка / курьерская служба,,Город: Москва; Файл: leadgen_chatgpt.xlsx; Дата проверки: 2026-05-15; Комментарий: 15,https://kgt-dostavka.ru/,email найден на официальном сайте/странице контактов
,ITL,,info@itl.pro,,,,Доставка / логистика,,Город: Москва; Сайт: https://itl.pro/; Файл: leadgen_chatgpt.xlsx; Дата проверки: 2026-05-15; Комментарий: 15,https://itl.pro/contacts,email найден на официальном сайте/странице контактов
,POSTDEPO,,info@postdepo.ru,,,,Доставка / курьерская служба,,Город: Москва; Сайт: https://www.postdepo.ru/; Файл: leadgen_chatgpt.xlsx; Дата проверки: 2026-05-15; Комментарий: 15,https://www.postdepo.ru/about/,email найден на официальном сайте/странице контактов
,DelivMe,,info@delivme.ru,,,,Доставка / курьерская служба,,Город: Москва; Файл: leadgen_chatgpt.xlsx; Дата проверки: 2026-05-15; Комментарий: 15,https://delivme.ru/,email найден на официальном сайте/странице контактов
,Taco Boom,,info@tacoboom.ru,,,,Доставка еды,,Город: Москва; Файл: leadgen_chatgpt.xlsx; Дата проверки: 2026-05-15; Комментарий: 15,https://tacoboom.ru/,email найден на официальном сайте/странице контактов
,Лучший повар,,info@bestpovar.ru,,,,Доставка еды,,Город: Москва; Файл: leadgen_chatgpt.xlsx; Дата проверки: 2026-05-15; Комментарий: 15,https://bestpovar.ru/,email найден на официальном сайте/странице контактов
,Контроль 24,,info@chop-24.com,,,,"Охрана объектов, ЧОО",,"Файл: leadgen_codex.xlsx; Комментарий: Локальная/региональная компания, численность требует проверки",https://chop-24.com/,
,Север Групп,,info@s-guard.ru,,,,Охранная компания,,"Сайт: https://s-guard.ru/; Файл: leadgen_codex.xlsx; Комментарий: Локальная/региональная компания, численность требует проверки",https://s-guard.ru/contact-us/,
,АРКС8,,info@arks8.ru,,,,Частное охранное предприятие,,"Файл: leadgen_codex.xlsx; Комментарий: Локальная/региональная компания, численность требует проверки",https://arks8.ru/,
,Альфа-Б,,info@alpha-b.ru,,,,Частное охранное предприятие,,"Файл: leadgen_codex.xlsx; Комментарий: Локальная/региональная компания, численность требует проверки",https://alpha-b.ru/,
,Багратион-1,,info@bagration-1.ru,,,,"ЧОП, охрана объектов",,"Сайт: https://bagration-1.ru/; Файл: leadgen_codex.xlsx; Комментарий: Локальная/региональная компания, численность требует проверки",https://bagration-1.ru/kontakti/,
,Бастион,,info@bst77.ru,,,,Частное охранное агентство,,"Файл: leadgen_codex.xlsx; Комментарий: Локальная/региональная компания, численность требует проверки",https://bst77.ru/,
,Пересвет-Центр,,info@peresvetc.ru,,,,"ЧОП, охрана объектов",,"Сайт: https://www.peresvetc.ru/; Файл: leadgen_codex.xlsx; Комментарий: Локальная/региональная компания, численность требует проверки",https://www.peresvetc.ru/contacts/,
,Фемида СБ,,info@femidasb.ru,,,,"ЧОП, охрана бизнеса",,"Файл: leadgen_codex.xlsx; Комментарий: Локальная/региональная компания, численность требует проверки",https://femidasb.ru/,
,Гарант,,info@sb-garant.com,,,,Охранное агентство,,"Файл: leadgen_codex.xlsx; Комментарий: Локальная/региональная компания, численность требует проверки",https://sb-garant.com/,
,Атлант Секьюрити,,info@atlant-security.ru,,,,"ЧОП, охрана объектов",,"Файл: leadgen_codex.xlsx; Комментарий: Локальная/региональная компания, численность требует проверки",https://atlant-security.ru/,
,NEGCo,,info@negco.ru,,,,Клининг для бизнеса,,"Файл: leadgen_codex.xlsx; Комментарий: Локальная/региональная компания, численность требует проверки",https://www.negco.ru/,
,ЭкоДом,,info@cleanecodom.ru,,,,Клининговые услуги для юрлиц,,"Сайт: https://cleanecodom.ru/; Файл: leadgen_codex.xlsx; Комментарий: Локальная/региональная компания, численность требует проверки",https://cleanecodom.ru/contacts/,
,Эксперт Клининг Групп,,info@exclean.ru,,,,Клининговая компания,,"Сайт: https://exclean.ru/; Файл: leadgen_codex.xlsx; Комментарий: Локальная/региональная компания, численность требует проверки",https://exclean.ru/contacts/,
,Mactailor,,info@mactailor.ru,,,,Клининг и химчистка,,"Сайт: https://mactailor.ru/; Файл: leadgen_codex.xlsx; Комментарий: Локальная/региональная компания, численность требует проверки",https://mactailor.ru/kontakty/,
,Клининг-Групп,,info@klining-grupp.ru,,,,Клининговая компания,,"Сайт: https://klining-grupp.ru/; Файл: leadgen_codex.xlsx; Комментарий: Локальная/региональная компания, численность требует проверки",https://klining-grupp.ru/contacts,
,ВиОНа-Клининг,,info@viona-cleaning.ru,,,,Клининговые услуги,,"Сайт: https://www.viona-cleaning.ru/; Файл: leadgen_codex.xlsx; Комментарий: Локальная/региональная компания, численность требует проверки",https://www.viona-cleaning.ru/contacts/,
,КлинОн,,info@cleanon.ru,,,,Клининговая компания,,"Сайт: https://cleanon.ru/; Файл: leadgen_codex.xlsx; Комментарий: Локальная/региональная компания, численность требует проверки",https://cleanon.ru/contacts/,
,Тирагор,,or@tiragor.com,,,,Клининговая компания,,"Файл: leadgen_codex.xlsx; Комментарий: Локальная/региональная компания, численность требует проверки",https://tiragor.com/,
,CleanTeam,,service@cleanteam.ru,,,,Клининговая компания,,"Сайт: https://cleanteam.ru/; Файл: leadgen_codex.xlsx; Комментарий: Локальная/региональная компания, численность требует проверки",https://cleanteam.ru/kontakty/,
,Проблеск,,info@problesk.com,,,,Клининговая компания,,"Сайт: https://problesk.com/; Файл: leadgen_codex.xlsx; Комментарий: Локальная/региональная компания, численность требует проверки",https://problesk.com/contact/,
,BarRestoGroup,,info@barrgroup.ru,,,,"Ресторанная группа, 8 ресторанов",,"Файл: leadgen_codex.xlsx; Комментарий: Локальная/региональная компания, численность требует проверки",https://www.barrgroup.ru/,
,Furshetto-Mio,,info@furshetto-mio.ru,,,,"Кейтеринг, доставка обедов",,"Файл: leadgen_codex.xlsx; Комментарий: Локальная/региональная компания, численность требует проверки",https://www.furshetto-mio.ru/,
,Diamond Catering,,sales@dcatering.ru,,,,Кейтеринг,,"Сайт: https://dcatering.ru/; Файл: leadgen_codex.xlsx; Комментарий: Локальная/региональная компания, численность требует проверки",https://dcatering.ru/kontakty/,
,Marco Polo Catering,,info@mpcatering.ru,,,,Кейтеринг,,"Сайт: https://mpcatering.ru/; Файл: leadgen_codex.xlsx; Комментарий: Локальная/региональная компания, численность требует проверки",https://mpcatering.ru/kontakty,
,16 Тонн Кейтеринг,,info@16catering.ru,,,,"Кейтеринг, корпоративное питание",,"Файл: leadgen_codex.xlsx; Комментарий: Локальная/региональная компания, численность требует проверки",https://www.16catering.ru/,
,Калина Групп,,Info@kalinaice.ru,,,,Корпоративное питание,,"Сайт: https://kalinaice.ru/; Файл: leadgen_codex.xlsx; Комментарий: Локальная/региональная компания, численность требует проверки",https://kalinaice.ru/kontakty/,
,CORSO Catering,,info@corsocatering.ru,,,,Кейтеринг,,"Файл: leadgen_codex.xlsx; Комментарий: Локальная/региональная компания, численность требует проверки",https://corsocatering.ru/,
,Campus Catering,,info@campuscatering.ru,,,,Кейтеринг,,"Файл: leadgen_codex.xlsx; Комментарий: Локальная/региональная компания, численность требует проверки",https://campuscatering.ru/,
,Force Catering,,info@forcecatering.ru,,,,Кейтеринг,,"Сайт: https://forcecatering.ru/; Файл: leadgen_codex.xlsx; Комментарий: Локальная/региональная компания, численность требует проверки",https://forcecatering.ru/contact/,
,Фуршет.ру,,info@furshet.ru,,,,Кейтеринг,,"Файл: leadgen_codex.xlsx; Комментарий: Локальная/региональная компания, численность требует проверки",https://furshet.ru/,
,Эстетик Клуб,,otvet@estetik.ru,,,,Медицинская косметология,,"Сайт: https://estetik.ru/; Файл: leadgen_codex.xlsx; Комментарий: Локальная/региональная компания, численность требует проверки",https://estetik.ru/contacts/,
,Дентамед,,info@dentamed.ru,,,,Стоматологические клиники,,"Сайт: https://dentamed.ru/; Файл: leadgen_codex.xlsx; Комментарий: Локальная/региональная компания, численность требует проверки",https://dentamed.ru/contacts/,
,MEDLAS,,info@medlasclinic.ru,,,,Клиника эстетической медицины,,"Сайт: https://medlasclinic.ru/; Файл: leadgen_codex.xlsx; Комментарий: Локальная/региональная компания, численность требует проверки",https://medlasclinic.ru/credentials/,
,ВиТерра,,info@viterramed.ru,,,,Медицинская клиника,,"Сайт: https://viterramed.ru/; Файл: leadgen_codex.xlsx; Комментарий: Локальная/региональная компания, численность требует проверки",https://viterramed.ru/contacts/,
,Лечебный центр,,lcinfo@lcenter.ru,,,,Медицинский центр,,"Сайт: https://www.lcenter.ru/; Файл: leadgen_codex.xlsx; Комментарий: Локальная/региональная компания, численность требует проверки",https://www.lcenter.ru/contacts,
,Unimed Laboratories,,info@unimedlab.ru,,,,Медицинская лаборатория,,"Сайт: https://www.unimedlab.ru/; Файл: leadgen_codex.xlsx; Комментарий: Локальная/региональная компания, численность требует проверки",https://www.unimedlab.ru/en/company/contacts/,
,Медиона Парнас,,info@mediona.ru,,,,Многопрофильная клиника,,"Файл: leadgen_codex.xlsx; Комментарий: Локальная/региональная компания, численность требует проверки",https://mediona.ru/,
,СДК Клиника,,info@sdkclinic.ru,,,,Медицинский центр,,"Файл: leadgen_codex.xlsx; Комментарий: Локальная/региональная компания, численность требует проверки",https://sdkclinic.ru/,
,NOVI,,info@mynovi.ru,,,,Медицинский центр,,"Сайт: https://mynovi.ru/; Файл: leadgen_codex.xlsx; Комментарий: Локальная/региональная компания, численность требует проверки",https://mynovi.ru/kontakty/,
,Prioritet Medical Clinic,,info@prioritetclinic.ru,,,,Медицинская клиника,,"Файл: leadgen_codex.xlsx; Комментарий: Локальная/региональная компания, численность требует проверки",https://prioritetclinic.ru/,
,УК Усадьба Суханово,,info@usuhanovo.ru,,,,"ЖКХ, обслуживание МКД",,"Файл: leadgen_codex.xlsx; Комментарий: Локальная/региональная компания, численность требует проверки",https://uk.usuhanovo.ru/,
,Стиль Эксплуатация,,office@ykstil.ru,,,,Управляющая компания,,"Файл: leadgen_codex.xlsx; Комментарий: Локальная/региональная компания, численность требует проверки",https://ykstil.ru/,
,УК Столица,,info@ykstolica.ru,,,,Управление недвижимостью,,"Сайт: https://lk.ykstolica.ru/; Файл: leadgen_codex.xlsx; Комментарий: Локальная/региональная компания, численность требует проверки",https://lk.ykstolica.ru/contacts/,
,УК ЭТУ,,info@etu25.ru,,,,Управляющая компания ЖКХ,,"Сайт: https://etu25.ru/; Файл: leadgen_codex.xlsx; Комментарий: Локальная/региональная компания, численность требует проверки",https://etu25.ru/contacts,
,УК жилищным фондом,,info@ukgfr.ru,,,,Управляющая компания ЖКХ,,"Сайт: https://uk-razumnoe.ru/; Файл: leadgen_codex.xlsx; Комментарий: Локальная/региональная компания, численность требует проверки",https://uk-razumnoe.ru/contacts/,
,УО Гранд Парк,,info@uk-Grandpark.ru,,,,Эксплуатация МКД,,"Файл: leadgen_codex.xlsx; Комментарий: Локальная/региональная компания, численность требует проверки",https://uk-grandpark.ru/,
,УК Жилище-Сервис,,office@comfort-nv.ru,,,,Управляющая компания ЖКХ,,"Сайт: https://comfort-nv.ru/; Файл: leadgen_codex.xlsx; Комментарий: Локальная/региональная компания, численность требует проверки",https://comfort-nv.ru/gisgkh/,
,ТСЖ Пирамида,,info@tsgpiramida.ru,,,,"ЖКХ, управление домом",,"Сайт: https://tsgpiramida.ru/; Файл: leadgen_codex.xlsx; Комментарий: Локальная/региональная компания, численность требует проверки",https://tsgpiramida.ru/contacts/,
,УК ВиК,,info@ukvik.ru,,,,Управляющая компания ЖКХ,,"Сайт: https://www.ukvik.ru/; Файл: leadgen_codex.xlsx; Комментарий: Локальная/региональная компания, численность требует проверки",https://www.ukvik.ru/kompaniya/kontakty,
,КСМ,,info@ksm.spb.ru,,,,Управление недвижимостью,,"Файл: leadgen_codex.xlsx; Комментарий: Локальная/региональная компания, численность требует проверки",https://ksm.spb.ru/,
,Take’N’Go,,corp@takengo.ru,,,,Курьерская доставка,,"Сайт: https://takengo.ru/; Файл: leadgen_codex.xlsx; Комментарий: Локальная/региональная компания, численность требует проверки",https://takengo.ru/o-nas/kontakty,
,КС Метеор,,77@ksmeteor.ru,,,,Курьерская служба,,"Сайт: https://ksmeteor.ru/; Файл: leadgen_codex.xlsx; Комментарий: Локальная/региональная компания, численность требует проверки",https://ksmeteor.ru/contacts,
,Logistic Service,,sale@lslogistic.ru,,,,"Логистика, склад, доставка",,"Сайт: https://www.lslogistic.ru/; Файл: leadgen_codex.xlsx; Комментарий: Локальная/региональная компания, численность требует проверки",https://www.lslogistic.ru/kontakty,
,Логика,,sales@logikatrans.ru,,,,Транспортно-логистическая компания,,"Сайт: https://www.logikatrans.ru/; Файл: leadgen_codex.xlsx; Комментарий: Локальная/региональная компания, численность требует проверки",https://www.logikatrans.ru/kontakty.html,
,FourLogistic,,info@fourlogistic.ru,,,,Грузоперевозки,,"Сайт: https://fourlogistic.ru/; Файл: leadgen_codex.xlsx; Комментарий: Локальная/региональная компания, численность требует проверки",https://fourlogistic.ru/contact,
,MoveCargo,,info@movecargo.ru,,,,Логистическая компания,,"Сайт: https://www.movecargo.ru/; Файл: leadgen_codex.xlsx; Комментарий: Локальная/региональная компания, численность требует проверки",https://www.movecargo.ru/ru/contact_us/,
,ПрофРешения,,info@profreshenie.com,,,,Курьерская доставка,,"Сайт: https://www.profreshenie.com/; Файл: leadgen_codex.xlsx; Комментарий: Локальная/региональная компания, численность требует проверки",https://www.profreshenie.com/contacts/,
,LANS-LOGISTIC,,info@lanslogistic.com,,,,Транспортная компания,,"Сайт: https://lanslogistic.com/; Файл: leadgen_codex.xlsx; Комментарий: Локальная/региональная компания, численность требует проверки",https://lanslogistic.com/kontakty/,
,Кайт,,info@logkite.ru,,,,Транспортная компания,,"Сайт: https://logkite.ru/; Файл: leadgen_codex.xlsx; Комментарий: Локальная/региональная компания, численность требует проверки",https://logkite.ru/kontakty/,
,Последняя Миля,,info@l-mile.ru,,,,Грузоперевозки,,"Сайт: https://l-mile.ru/; Файл: leadgen_codex.xlsx; Комментарий: Локальная/региональная компания, численность требует проверки",https://l-mile.ru/contacts,
